1,Hyatt,Webb
2,Brandon,Cox
3,Audra,Benton
4,Steven,Sweeney
5,Ava,Ramos
6,Ginger,Marquez
7,Aiko,Curtis
8,Octavius,Holloway
9,Lars,House
10,Hanna,Farley
11,Jasper,Pruitt
12,Eve,French
13,Ora,Kirk
14,Dexter,Avila
15,Kelly,Odom
16,Uta,Norris
17,Noble,Mclean
18,Logan,Shaffer
19,Oliver,Kemp
20,Seth,Gray
21,Halla,Beasley
22,Grace,Bass
23,Ginger,Pope
24,Desiree,Jacobson
25,Yvette,Griffith
26,Lars,Navarro
27,Guy,Reynolds
28,Austin,Schroeder
29,Davis,Jones
30,Russell,Castillo
31,Avye,Mcpherson
32,Orla,Rich
33,Kasper,Hayden
34,Megan,Jefferson
35,Lani,Holmes
36,Sawyer,Mcpherson
37,Brock,Turner
38,Yetta,Bonner
39,Allistair,Weber
40,Vladimir,Estrada
41,Bevis,Pratt
42,Rebekah,Nixon
43,Jonah,Oneil
44,Keaton,Aguilar
45,Honorato,Kane
46,Juliet,Burch
47,Jenette,Sargent
48,Autumn,Duran
49,Lacey,Cohen
50,Medge,Mccormick
51,Jason,Hoover
52,Martin,Camacho
53,Gabriel,Rojas
54,Bianca,Hensley
55,Jin,Blankenship
56,Duncan,Ratliff
57,Christen,Davidson
58,Lilah,Bradford
59,Nell,Adams
60,Xaviera,Sexton
61,Aurora,Miranda
62,Ross,Davenport
63,Claire,Shaw
64,Ivan,Ware
65,Clio,Gaines
66,Illiana,Bailey
67,Neil,Hall
68,Constance,Kinney
69,Gareth,Evans
70,Lael,Black
71,Vladimir,Chapman
72,Rigel,Wilder
73,Kiona,Warren
74,Elliott,Justice
75,Stacey,Tanner
76,Mollie,Patel
77,Chantale,Poole
78,Rebecca,Griffin
79,Eleanor,Mcfadden
80,Ciara,Day
81,Robert,Maxwell
82,Savannah,Lopez
83,Dora,Hopkins
84,Zenia,Sparks
85,Dacey,Riggs
86,Jade,Logan
87,Addison,Richmond
88,Tyler,Keith
89,Zachary,Church
90,Victor,Brewer
91,Teegan,Knox
92,Justina,Jacobs
93,Tanner,Downs
94,Lillith,Everett
95,Dieter,Howard
96,Cassady,Burt
97,Claudia,Cantu
98,Hayden,Daniel
99,Dorian,Valenzuela
100,Roary,Ashley